Site    ,Name                                     ,Lat       ,Lon      ,Start    ,End      , Years,   %  ,AWS
72000,ADELONG (TUMUT ST)                       ,-35.3085,148.0641,1/1/1907,1/2/1994,74.4,85,  N
68241,ALBION PARK (SHELLHARBOUR AIRPORT)       ,-34.5639,150.7924,1/6/1999,1/2/2022,22.8,100,  Y
72146,ALBURY AIRPORT                           ,-36.0694,146.9531,1/6/1983,1/11/2007,24.4,100,  N
72160,ALBURY AIRPORT AWS                       ,-36.069,146.9509,1/5/1993,1/2/2022,28.8,100,  Y
72059,ALBURY GRAMMAR SCHOOL                    ,-36.0667,146.9333,1/3/1962,1/11/1969,7.1,91,  N
72097,ALBURY PUMPING STATION                   ,-36.0817,146.955,1/6/1970,1/8/1986,16.3,100,  N
58131,ALSTONVILLE TROPICAL FRUIT RESEARCH STAT ,-28.8521,153.4556,1/1/1968,1/6/2011,37.8,87,  N
74000,ARDLETHAN POST OFFICE                    ,-34.357,146.9035,1/7/1947,1/12/1975,19.6,69,  N
56002,ARMIDALE (RADIO STATION 2AD)             ,-30.5167,151.6681,NA,1/6/1997,107,77,  N
56037,ARMIDALE (TREE GROUP NURSERY)            ,-30.5243,151.6716,1/6/1997,1/2/2022,24.8,100,  N
56238,ARMIDALE AIRPORT AWS                     ,-30.5273,151.6158,1/6/1994,1/2/2022,27.5,99,  Y
67108,BADGERYS CREEK AWS                       ,-33.8969,150.7281,1/11/1995,1/2/2022,26.3,100,  Y
67068,BADGERYS CREEK MCMASTERS F.STN           ,-33.8683,150.7278,1/3/1967,1/12/1984,13.8,77,  N
72039,BAGO (PILOT HILL)                        ,-35.6167,148.15,1/11/1921,1/7/1951,22.8,77,  N
58198,BALLINA AIRPORT AWS                      ,-28.8353,153.5585,1/11/1992,1/2/2022,29.3,100,  Y
49002,BALRANALD (RSL)                          ,-34.6398,143.561,1/1/1907,1/2/2022,105.4,91,  N
66137,BANKSTOWN AIRPORT AWS                    ,-33.9176,150.9837,1/7/1968,1/2/2022,53.6,100,  Y
58003,BANYABBA STATE FOREST                    ,-29.35,152.9833,1/5/1941,1/12/1948,7.7,100,  N
53002,BARADINE FORESTRY                        ,-30.9469,149.0654,1/3/1944,1/7/2012,56.5,83,  N
59044,BARCOONGERE STATE FORESTRY               ,-29.9667,153.2167,1/12/1954,1/11/1956,1.2,58,  N
74094,BARELLAN (NEREENA)                       ,-34.2208,146.4586,1/1/1959,1/12/1961,3,100,  N
54003,BARRABA (CLIFTON LANE)                   ,-30.3833,150.6083,1/3/1966,1/2/2022,55.7,99,  N
69134,BATEMANS BAY (CATALINA COUNTRY CLUB)     ,-35.7234,150.1872,1/11/1991,1/2/2022,30.1,99,  N
63305,BATHURST AG COMPARISON                   ,-33.43,149.555,1/4/1996,1/5/1998,2.1,96,  N
63005,BATHURST AGRICULTURAL STATION            ,-33.4288,149.5559,1/1/1909,1/2/2022,98.6,87,  N
63291,BATHURST AIRPORT AWS                     ,-33.4119,149.654,1/12/1991,1/2/2022,30.3,100,  Y
63004,BATHURST GAOL                            ,-33.4167,149.55,NA,1/5/1983,118.1,94,  N
69002,BEGA (NEWTOWN ROAD)                      ,-36.6883,149.838,1/1/1907,1/12/1994,76.1,86,  N
69139,BEGA AWS                                 ,-36.6722,149.8191,1/3/1992,1/2/2022,30,100,  Y
70090,BELCONNEN (HOLT (PINE RIDGE))            ,-35.2389,148.9958,1/10/1999,1/2/2003,3.4,100,  N
68228,BELLAMBI AWS                             ,-34.3691,150.9291,1/4/1997,1/2/2022,24.9,100,  Y
60000,BELLANGRY STATE FOREST 524               ,-31.3167,151.5833,1/9/1950,1/8/1968,9.7,54,  N
59094,BELLINGEN (THE OBSERVATORY)              ,-30.4167,152.8667,1/6/1986,1/2/1989,1.4,51,  N
59001,BELLINGEN POST OFFICE                    ,-30.4519,152.8979,1/3/1947,1/6/1986,39.3,100,  N
70316,BENDORA DAM                              ,-35.4424,148.8296,1/8/1984,1/4/1990,2.2,38,  N
74009,BERRIGAN POST OFFICE                     ,-35.6576,145.8124,1/1/1907,1/12/1975,54,78,  N
72007,BILLAPALOOLA STATE FOREST                ,-35.2667,148.3833,1/5/1938,1/12/1956,18.2,97,  N
54004,BINGARA POST OFFICE                      ,-29.8673,150.5715,1/1/1907,1/12/1975,45.1,65,  N
63087,BLACK SPRINGS FORESTRY                   ,-33.8462,149.7396,1/3/1954,1/6/1968,5.2,36,  N
63281,BLACKHEATH M.C.A.                        ,-33.6333,150.2833,1/9/1981,1/10/1983,1.9,89,  N
63010,BLAYNEY POST OFFICE                      ,-33.535,149.26,1/1/1965,1/12/1975,10.1,92,  N
69007,BODALLA STATE FOREST                     ,-36.15,150.1,1/1/1911,1/12/1956,42.4,92,  N
70005,BOMBALA (THERRY STREET)                  ,-36.9113,149.2379,1/1/1912,1/2/2022,98.3,89,  N
70328,BOMBALA AWS                              ,-37.0016,149.2336,1/12/1991,1/2/2022,30.3,100,  Y
56041,BONSHAW (MONKSTADT)                      ,-29.1333,151.45,1/12/1954,1/9/1969,6.1,41,  N
70220,BOOROWA POST OFFICE                      ,-34.4382,148.7158,1/1/1947,1/4/1969,14.3,64,  N
48239,BOURKE AIRPORT                           ,-30.0423,145.952,1/11/1994,1/1/1999,4.3,100,  N
48245,BOURKE AIRPORT AWS                       ,-30.0362,145.9521,1/12/1998,1/2/2022,22.7,97,  Y
48013,BOURKE POST OFFICE                       ,-30.0917,145.9358,NA,1/8/1996,124.3,99,  N
68102,BOWRAL (PARRY DRIVE)                     ,-34.4869,150.4019,1/12/1965,1/1/2015,46.2,94,  N
68005,BOWRAL POST OFFICE                       ,-34.5,150.4,1/1/1907,1/11/1965,50.6,86,  N
69009,BOYD EAST STATE FOREST                   ,-37.1,149.9,1/5/1938,1/6/1946,8.2,100,  N
63175,BRADWARDINE                              ,-33.4,149.6,1/1/1916,1/12/1945,29.9,100,  N
69010,BRAIDWOOD (WALLACE STREET)               ,-35.4489,149.799,1/1/1907,1/1/1975,59.3,87,  N
69132,BRAIDWOOD RACECOURSE AWS                 ,-35.4253,149.7835,1/8/1985,1/2/2022,30.7,84,  Y
48015,BREWARRINA HOSPITAL                      ,-29.9614,146.8651,1/1/1911,1/2/2022,97.4,88,  N
58065,BROADWATER SUGAR MILL                    ,-29.0167,153.4333,1/2/1916,1/8/1975,50.4,85,  N
47007,BROKEN HILL (PATTON STREET)              ,-31.9759,141.4676,NA,1/8/2015,117.8,94,  N
47031,BROKEN HILL (STEPHENS CREEK RESERVOIR)   ,-31.8803,141.593,1/6/1940,1/1/1970,17.3,58,  N
47048,BROKEN HILL AIRPORT AWS                  ,-32.0012,141.4694,1/9/1957,1/2/2022,32.6,50,  Y
47102,BROKEN HILL RFDS                         ,-31.9333,141.5333,1/11/1979,1/11/1985,6.1,100,  N
72009,BROOKFIELD FOREST STATION                ,-35.8,147.9333,1/4/1938,1/3/1968,22,73,  N
59004,BROOKLANA (BOBO NURSERY)                 ,-30.25,152.85,1/2/1937,1/3/1965,18.4,65,  N
56006,BUNDARRA POST OFFICE                     ,-30.1711,151.0757,1/1/1914,1/12/1970,47.8,84,  N
73007,BURRINJUCK DAM                           ,-34.9997,148.5984,1/1/1912,1/2/2022,100.6,91,  N
58216,BYRON BAY (CAPE BYRON AWS)               ,-28.6399,153.6358,1/11/2002,1/2/2022,19.3,100,  Y
58009,BYRON BAY (CAPE BYRON LIGHTHOUSE)        ,-28.6388,153.6361,1/7/1974,1/8/2007,29.9,90,  N
71030,CABRAMURRA SMHEA                         ,-35.9333,148.3833,1/1/1965,1/7/1969,4.6,100,   
72091,CABRAMURRA SMHEA                         ,-35.9383,148.3842,1/1/1962,1/4/1999,36.6,98,  N
72161,CABRAMURRA SMHEA AWS                     ,-35.9371,148.3779,1/12/1996,1/2/2022,25.3,100,  Y
68192,CAMDEN AIRPORT AWS                       ,-34.039,150.689,1/12/1971,1/2/2022,45.4,90,  Y
61008,CAMPBELLS HILL                           ,-32.7,151.5,1/2/1912,1/11/1965,43.3,80,  N
68257,CAMPBELLTOWN (MOUNT ANNAN)               ,-34.0615,150.7735,1/11/2006,1/2/2022,15.3,100,  Y
68081,CAMPBELLTOWN SWIMMING CENTRE             ,-34.0833,150.8167,1/1/1962,1/4/1984,22.2,99,  N
70099,CANBERRA (ACTON)                         ,-35.3,149.1,1/1/1914,1/12/1939,24.2,93,  N
70103,CANBERRA (DUNTROON MILITARY COLLEGE)     ,-35.3,149.1,1/1/1912,1/10/1930,18.8,100,  N
70338,CANBERRA AERO COMPARISON                 ,-35.3083,149.1936,1/12/1995,1/12/1997,2.1,100,  N
70351,CANBERRA AIRPORT                         ,-35.3088,149.2004,1/9/2008,1/2/2022,13.5,100,  Y
70014,CANBERRA AIRPORT COMPARISON              ,-35.3049,149.2014,1/3/1939,1/11/2010,71.8,100,  Y
70282,CANBERRA CITY                            ,-35.2667,149.1167,1/12/1974,1/11/1988,14,100,  N
70015,CANBERRA FORESTRY                        ,-35.3,149.1,1/6/1927,1/4/1980,52.9,100,  N
70100,CANBERRA SOLAR OBSERVATORY               ,-35.3,149,1/6/1912,1/2/1940,17.3,62,  N
65006,CANOWINDRA (CANOWINDRA STREET)           ,-33.572,148.6619,1/1/1907,1/1/1982,65.1,87,  N
66194,CANTERBURY RACECOURSE AWS                ,-33.9057,151.1134,1/10/1995,1/2/2022,26.3,100,  Y
72013,CARABOST FOREST HEADQUARTERS             ,-35.65,147.8022,1/7/1938,1/12/1969,20.7,66,  N
72014,CARABOST STATE FOREST 2                  ,-35.65,147.7167,1/7/1938,1/6/1968,17.4,58,  N
63019,CARCOAR                                  ,-33.6167,149.1333,1/1/1907,1/9/1969,54.7,87,  N
63216,CARCOAR (ICELY STREET)                   ,-33.6167,149.1333,1/11/1969,1/12/1975,5.8,93,  N
58063,CASINO AIRPORT                           ,-28.8752,153.049,1/1/1908,1/7/2012,91.6,88,  N
58208,CASINO AIRPORT AWS                       ,-28.8824,153.0618,1/1/1995,1/2/2022,27.2,100,  Y
62009,CASSILIS (DALKEITH)                      ,-31.9963,149.9856,1/1/1907,1/12/1966,52,87,  N
62005,CASSILIS POST OFFICE                     ,-32.0051,149.9815,1/5/1967,1/12/1975,6.8,79,  N
70019,CAVAN                                    ,-35.0167,148.8667,1/1/1910,1/2/1927,16.8,98,  N
66160,CENTENNIAL PARK                          ,-33.8959,151.2341,1/5/1968,1/6/1975,6.5,91,  N
66009,CENTENNIAL PARK ROUND HOUSE              ,-33.8975,151.2328,1/1/1907,1/12/1967,50.5,83,   
61242,CESSNOCK (NULKABA)                       ,-32.8093,151.349,1/6/1973,1/8/2012,35.3,90,  N
61260,CESSNOCK AIRPORT AWS                     ,-32.7914,151.3369,1/10/1968,1/2/2022,31.2,58,  Y
61009,CESSNOCK POST OFFICE                     ,-32.8272,151.3661,1/1/1931,1/5/1968,37.4,100,  N
71003,CHARLOTTE PASS (KOSCIUSKO CHALET)        ,-36.4335,148.3327,1/6/1930,1/2/2015,44.3,52,  N
61151,CHICHESTER DAM                           ,-32.2426,151.683,1/4/1938,1/12/1956,18.6,99,  N
59008,CLOUDS CREEK STATE FOREST                ,-30.0903,152.6333,NA,1/12/1969,24.2,33,  N
48237,COBAR AIRPORT AWS                        ,-31.5388,145.7964,1/7/1993,1/2/2022,28.7,100,  Y
48244,COBAR COMPARISON                         ,-31.4861,145.8281,1/11/1997,1/11/2000,3.1,100,  Y
48027,COBAR MO                                 ,-31.484,145.8294,1/5/1962,1/2/2022,59.8,100,  Y
48030,COBAR POST OFFICE                        ,-31.5,145.8,NA,1/12/1965,78.4,92,  N
59010,COFFS HARBOUR                            ,-30.3,153.1,1/2/1946,1/12/1966,20.2,96,  N
59151,COFFS HARBOUR AIRPORT                    ,-30.3189,153.1162,1/8/2013,1/2/2022,8.6,100,  Y
59040,COFFS HARBOUR MO                         ,-30.3107,153.1187,1/2/1943,1/8/2015,64.7,89,  Y
48031,COLLARENEBRI (ALBERT ST)                 ,-29.5406,148.5817,1/1/1907,1/2/2022,101.9,88,  N
50052,CONDOBOLIN AG RESEARCH STN               ,-33.0664,147.2283,1/12/1954,1/2/2022,58.6,87,  N
50137,CONDOBOLIN AIRPORT AWS                   ,-33.0682,147.2133,1/7/1993,1/2/2022,28.1,98,  Y
50014,CONDOBOLIN RETIREMENT VILLAGE            ,-33.0818,147.1524,1/1/1907,1/7/1995,78.8,89,  N
50102,CONDOBOLIN SOIL CONSERVATION             ,-33.0833,147.15,1/12/1965,1/12/1985,20.1,100,  N
58013,CONDONG SUGAR MILL                       ,-28.3167,153.4333,1/1/1907,1/9/1972,52.5,80,  N
64025,COOLAH (BINNIA ST)                       ,-31.8231,149.72,1/5/1966,1/8/1975,8.3,88,  N
60009,COOLONGALOOK STATE FOREST                ,-32.2,152.3167,1/9/1939,1/6/1968,20.3,70,  N
70217,COOMA AIRPORT AWS                        ,-36.2939,148.9725,1/12/1991,1/2/2022,30.3,100,  Y
70023,COOMA LAMBIE STREET                      ,-36.2333,149.1167,NA,1/11/1956,91.1,92,  N
70258,COOMA NORTH GERINGA AVENUE               ,-36.2167,149.1333,1/1/1959,1/6/1973,13.9,96,  N
70094,COOMA NORTH SMHEC                        ,-36.2167,149.1333,1/6/1955,1/12/1970,14.3,92,  N
70278,COOMA VISITORS CENTRE                    ,-36.2318,149.1243,1/10/1973,1/2/2022,47.3,98,  N
64008,COONABARABRAN (SHOWGROUNDS)              ,-31.2786,149.2786,NA,1/2/2022,141.4,99,  N
64017,COONABARABRAN AIRPORT AWS                ,-31.333,149.2699,1/7/2001,1/2/2022,20.7,100,  Y
51161,COONAMBLE AIRPORT AWS                    ,-30.9776,148.3798,1/9/1997,1/2/2022,24.4,100,  Y
51010,COONAMBLE COMPARISON                     ,-30.9753,148.3806,1/1/1907,1/10/2010,95.3,92,  N
61412,COORANBONG (LAKE MACQUARIE AWS)          ,-33.0887,151.4636,1/7/2008,1/2/2022,13.7,100,  Y
73118,COOTAMUNDRA AERO                         ,-34.6333,148.05,1/11/1940,1/4/1941,0.5,100,  N
73142,COOTAMUNDRA AIRPORT                      ,-34.6299,148.0365,1/10/1995,1/2/2022,26.3,100,  N
73009,COOTAMUNDRA POST OFFICE                  ,-34.6411,148.0236,NA,1/10/1995,101.5,100,  N
70317,CORIN DAM                                ,-35.5368,148.8383,1/2/1986,1/5/1993,6.9,94,  N
70322,CORIN FOREST REC FACILITY                ,-35.5155,148.9216,1/6/1987,1/12/1987,0.5,86,  N
74034,COROWA AIRPORT                           ,-35.9887,146.3574,1/1/1907,1/2/2022,97.3,84,  N
60007,COWELBAKH CRAVEN PLATEAU                 ,-31.9,151.8,1/1/1941,1/2/1956,14.9,98,  N
65111,COWRA AIRPORT AWS                        ,-33.8382,148.654,1/7/2004,1/2/2022,17.6,99,  Y
65091,COWRA AIRPORT COMPARISON                 ,-33.8451,148.6534,1/10/1966,1/7/2011,44.6,99,  N
63021,COWRA POST OFFICE                        ,-33.9,148.7,1/1/1907,1/12/1966,59.6,99,  N
63023,COWRA RESEARCH CENTRE (EVANS ST)         ,-33.8087,148.7071,1/5/1943,1/1/2011,58.9,87,  N
70326,CRAIGIE (BONDI FOREST LODGE)             ,-37.1473,149.1496,1/1/1930,1/12/1969,30.4,76,  N
70025,CROOKWELL POST OFFICE                    ,-34.4578,149.4693,1/1/1916,1/12/1975,50.6,84,  N
56008,DEEPWATER POST OFFICE                    ,-29.4421,151.8483,1/8/1967,1/12/1975,8.3,98,  N
74128,DENILIQUIN (VISITOR INFORMATION CENTRE)  ,-35.5283,144.9651,NA,1/6/2003,141.8,97,  N
74210,DENILIQUIN AERO                          ,-35.5333,144.9667,1/1/1942,1/9/1945,3.7,98,   
74258,DENILIQUIN AIRPORT AWS                   ,-35.5575,144.9458,1/6/1997,1/2/2022,24.8,100,  Y
74039,DENILIQUIN FALKINER MEMORIAL             ,-35.3667,145.05,1/10/1947,1/11/1977,30,99,  N
59140,DORRIGO (OLD CORAMBA RD)                 ,-30.3444,152.7187,1/1/1997,1/2/2022,25.2,100,  N
60041,DOYLES RIVER STATE FOREST                ,-31.4167,152.15,1/11/1950,1/2/1965,4.4,31,  N
65012,DUBBO (DARLING STREET)                   ,-32.2385,148.6089,NA,1/12/1999,129,100,  N
65070,DUBBO AIRPORT AWS                        ,-32.2206,148.5753,1/1/1993,1/2/2022,29.2,100,  Y
65037,DUBBO STATE FOREST                       ,-32.2667,148.6167,1/9/1953,1/3/1967,5.4,40,  N
64009,DUNEDOO POST OFFICE                      ,-32.0165,149.3956,1/1/1946,1/2/2022,64.5,85,  N
61017,DUNGOG POST OFFICE                       ,-32.4022,151.7581,1/1/1966,1/12/1975,9.1,91,  N
61034,EAST MAITLAND BOWLING CLUB               ,-32.7483,151.5833,NA,1/7/1968,91.6,83,  N
59019,EBOR (THE RACECOURSE)                    ,-30.3641,152.4061,1/8/1953,1/12/1956,3.2,93,  N
49136,EUABALONG (MOUNT HOPE AWS)               ,-32.8261,145.8801,1/9/2017,1/2/2022,4.5,100,  Y
49013,EUSTON POST OFFICE                       ,-34.5833,142.7333,1/1/1907,1/11/1970,54.8,86,  N
58212,EVANS HEAD RAAF BOMBING RANGE AWS        ,-29.183,153.3964,1/2/1998,1/2/2022,24.1,100,  Y
56056,EVERSLEIGH                               ,-30.5,151.5,1/1/1907,1/7/1922,15.6,100,  N
74253,FINLEY (CSIRO)                           ,-35.7111,145.6236,1/4/1995,1/3/2001,4.5,75,  Y
74093,FINLEY (STRATHDRUMMOND)                  ,-35.5667,145.5333,1/1/1965,1/9/1968,3.7,98,  N
74023,FINLEY AIRPORT AWS                       ,-35.6613,145.561,1/3/2001,1/9/2003,2.6,100,  Y
65016,FORBES (CAMP STREET)                     ,-33.3892,148.0081,NA,1/5/1998,118.3,94,  N
65103,FORBES AIRPORT AWS                       ,-33.3627,147.9205,1/12/1995,1/2/2022,26.3,100,  Y
60013,FORSTER - TUNCURRY MARINE RESCUE         ,-32.1756,152.5089,1/3/1999,1/1/2020,20.9,100,  N
46091,FOWLERS GAP  RESEARCH  STATION           ,-31.0869,141.7017,1/12/1968,1/12/1973,4.3,84,  N
46128,FOWLERS GAP AWS                          ,-31.0863,141.7008,1/10/2004,1/2/2022,17.4,100,  Y
70034,FROGMORE                                 ,-34.2739,148.84,1/6/1969,1/12/1990,21.4,99,  N
51018,GILGANDRA (CHELMSFORD AVE)               ,-31.7049,148.6629,1/1/1915,1/12/1975,51.8,85,  N
57009,GIRARD STATE FOREST                      ,-28.9,152.3,1/5/1938,1/6/1968,21.3,70,  N
51164,GIRILAMBONE (OKEH) AWS                   ,-31.0824,146.9296,1/5/2017,1/2/2022,4.8,100,  Y
61022,GIRVAN STATE FOREST                      ,-32.45,152.1,1/4/1938,1/12/1956,18,96,  N
63031,GLEN DAVIS (THE GULLIES)                 ,-33.1167,150.25,1/8/1940,1/7/1952,11.2,93,  N
57082,GLEN INNES (MT MITCHELL FOREST)          ,-29.646,152.0936,1/10/1950,1/7/1974,14.3,60,  N
56013,GLEN INNES AG RESEARCH STN               ,-29.6952,151.6935,1/6/1970,1/2/2022,46.9,91,  N
56243,GLEN INNES AIRPORT AWS                   ,-29.678,151.694,1/10/1996,1/2/2022,25.4,100,  Y
56011,GLEN INNES POST OFFICE                   ,-29.7368,151.7366,1/1/1907,1/8/2012,98.8,93,  N
67009,GLENFIELD (MACQUARIE)                    ,-33.9667,150.9,1/1/1955,1/12/1975,12.5,59,  N
67010,GLENORIE (OLD NORTHERN RD)               ,-33.5908,151.0094,1/1/1965,1/12/1975,10.3,93,  N
59041,GLENREAGH FORESTRY STATION               ,-30.05,152.9833,1/12/1952,1/2/1960,6.1,84,  N
58075,GLENUGIE                                 ,-29.8,153.0167,1/5/1939,1/12/1956,16.7,94,  N
48046,GOODOOGA POST OFFICE                     ,-29.1142,147.4543,1/7/1969,1/1/1982,12.2,97,  N
61087,GOSFORD (NARARA RESEARCH STATION) AWS    ,-33.3949,151.3289,1/1/1954,1/5/2013,32.8,55,  Y
61425,GOSFORD AWS                              ,-33.4351,151.3614,1/6/2013,1/2/2022,8.8,100,  Y
70037,GOULBURN                                 ,-34.75,149.8667,NA,1/5/1967,98.1,90,  N
70210,GOULBURN AERO CLUB                       ,-34.8167,149.7333,1/5/1967,1/7/1971,4.3,100,  N
70330,GOULBURN AIRPORT AWS                     ,-34.8085,149.7311,1/12/1991,1/2/2022,30.3,100,  Y
70285,GOULBURN ST JOHNS                        ,-34.7667,149.7,1/1/1975,1/5/1978,3.3,98,  N
70263,GOULBURN TAFE                            ,-34.7495,149.7034,1/9/1971,1/2/2022,46.6,92,  N
58161,GRAFTON AIRPORT AWS                      ,-29.7583,153.0297,1/4/2006,1/2/2022,15.9,100,  Y
58024,GRAFTON CITY COUNCIL                     ,-29.7,152.9,1/1/1907,1/12/1969,55,87,  N
58130,GRAFTON OLYMPIC POOL                     ,-29.6823,152.9278,1/9/1966,1/1/2015,48.3,100,  N
58077,GRAFTON RESEARCH STN                     ,-29.6224,152.9605,1/4/1917,1/2/2022,28.4,27,  Y
58076,GRAFTON SOUTH (PLUVIOGRAPH)              ,-29.7,152.9333,1/1/1907,1/7/1914,7.5,99,  N
66134,GRANVILLE SHELL REFINERY                 ,-33.8322,151.034,1/1/1965,1/9/1967,2.8,100,  N
69137,GREEN CAPE AWS                           ,-37.2622,150.0504,1/7/2000,1/2/2022,20.8,96,  Y
69055,GREEN CAPE LIGHTHOUSE                    ,-37.2614,150.0497,1/10/1966,1/5/1992,25.6,100,  N
72020,GREEN HILLS STATE FOREST                 ,-35.5167,148.05,1/4/1938,1/12/1956,18.8,100,  N
73014,GRENFELL (MANGANESE RD)                  ,-33.8934,148.1523,1/1/1907,1/2/2022,104.8,91,  N
75041,GRIFFITH AIRPORT AWS                     ,-34.2487,146.0695,1/8/1970,1/2/2022,47,91,  Y
75028,GRIFFITH CSIRO                           ,-34.3183,146.0667,1/1/1915,1/6/1989,68.1,91,  N
75174,GRIFFITH CSIRO                           ,-34.3229,146.0684,1/4/1995,1/9/2003,6.9,81,  Y
70172,GUDGENBY                                 ,-35.75,148.9833,1/4/1967,1/10/1988,20.3,94,  N
62013,GULGONG POST OFFICE                      ,-32.3634,149.5329,1/3/1970,1/2/2022,48.4,93,  N
74051,GULPA ISLAND                             ,-35.7,145,1/4/1938,1/11/1951,13.6,99,  N
73141,GUNDAGAI (NANGUS RD)                     ,-35.064,148.0986,1/5/1995,1/2/2022,26.3,98,  N
73125,GUNDAGAI OTWAY ST                        ,-35.0667,148.1,1/3/1971,1/7/1976,5.3,97,  N
73128,GUNDAGAI RIDGE STREET                    ,-35.0778,148.1039,1/8/1976,1/5/1995,18.8,100,  N
73108,GUNDAGAI SHIRE OFFICE                    ,-35.0667,148.1,1/12/1967,1/2/1971,3.3,100,  N
55202,GUNNEDAH AIRPORT AWS                     ,-30.9537,150.2494,1/9/2001,1/2/2022,20.5,100,  Y
55023,GUNNEDAH POOL                            ,-30.9841,150.254,NA,1/12/2011,125.5,93,  N
55024,GUNNEDAH RESOURCE CENTRE                 ,-31.0261,150.2687,1/1/1948,1/6/2019,68.3,96,  N
63033,GURNANG STATE FOREST (OBERON (YOUNG ADUL ,-34.0111,149.8369,1/9/1933,1/2/1975,33.3,80,  N
56229,GUYRA HOSPITAL                           ,-30.2122,151.6794,1/9/1981,1/2/2022,37.1,91,  N
56016,GUYRA POST OFFICE                        ,-30.2204,151.6714,1/1/1911,1/11/1972,49,79,  N
73016,HARDEN (EAST ST)                         ,-34.5607,148.3653,1/9/1967,1/3/1980,12.4,99,  N
60023,HARRINGTON (OXLEY ANCHORAGE CARAVAN PARK ,-31.8714,152.6827,1/1/1907,1/12/1975,60.6,88,  N
58027,HARWOOD ISLAND (HARWOOD SUGAR MILL)      ,-29.4227,153.2533,1/1/1915,1/11/1972,49.1,85,  N
75031,HAY (MILLER STREET)                      ,-34.5194,144.8545,NA,1/1/2015,134,100,  N
75019,HAY AIRPORT AWS                          ,-34.5412,144.8345,1/6/2007,1/2/2022,14.8,100,  Y
75175,HAY CSIRO AWS                            ,-34.5471,144.867,1/4/1995,1/9/2007,10.9,87,  Y
68262,HIGH RANGE AWS (WANGANDERRY)             ,-34.3335,150.267,1/7/2014,1/2/2022,7.7,100,  Y
75032,HILLSTON AIRPORT                         ,-33.4915,145.5248,1/1/1907,1/2/2022,90.7,79,  N
66154,HOLDSWORTHY AIR CAVALRY                  ,-33.95,150.95,1/2/1970,1/11/1974,4.8,98,  N
66161,HOLSWORTHY AERODROME AWS                 ,-33.9925,150.9489,1/8/2012,1/2/2022,9.6,100,  Y
67117,HOLSWORTHY CONTROL RANGE                 ,-33.9795,150.9254,1/7/1998,1/9/2014,16.3,100,  Y
68263,HOLSWORTHY DEFENCE AWS                   ,-34.081,150.9009,1/12/2017,1/2/2022,4.3,100,  Y
70241,HONEYSUCKLE CREEK                        ,-35.5833,148.9833,1/8/1967,1/11/1981,14.3,99,  N
67119,HORSLEY PARK EQUESTRIAN CENTRE AWS       ,-33.851,150.8567,1/9/1997,1/2/2022,24.5,100,  Y
72023,HUME RESERVOIR                           ,-36.1039,147.0329,1/1/1922,1/2/2022,90.3,90,  N
56242,INVERELL (RAGLAN ST)                     ,-29.7796,151.1121,1/3/1995,1/2/2022,27,100,  N
56017,INVERELL COMPARISON                      ,-29.7783,151.1114,NA,1/11/1997,121.4,98,  N
56018,INVERELL RESEARCH CENTRE                 ,-29.7752,151.082,1/5/1949,1/2/2022,64.1,88,  Y
71031,ISLAND BEND                              ,-36.3333,148.4833,1/1/1965,1/10/1967,2.8,100,  N
49000,IVANHOE AERODROME AWS                    ,-32.8833,144.3092,1/2/2000,1/2/2022,22.1,100,  Y
49019,IVANHOE POST OFFICE                      ,-32.8999,144.2995,1/9/1939,1/3/2013,68,92,  N
57017,JEOGLA (JEOLGA OLD.SF.SITE)              ,-30.6167,152.1833,1/3/1938,1/12/1969,22.4,70,  N
61086,JERRYS PLAINS POST OFFICE                ,-32.4963,150.9106,1/1/1907,1/4/2014,106.3,99,  N
68151,JERVIS BAY (POINT PERPENDICULAR AWS)     ,-35.0936,150.8049,1/5/2001,1/2/2022,20.6,99,  Y
68034,JERVIS BAY (POINT PERPENDICULAR LIGHTHOU ,-35.0936,150.8048,1/1/1907,1/6/2004,95.3,98,  N
68264,JERVIS BAY NSW (JERVIS BAY AIRFIELD AWS) ,-35.144,150.6974,1/10/2018,1/2/2022,3.4,100,  Y
74134,JINDERA (MURRUMBATEMAN)                  ,-36,146.9,1/1/1914,1/11/1925,10.8,91,  N
72026,JOUNAMA STATE FOREST                     ,-35.6,148.45,1/5/1938,1/9/1956,18.3,99,  N
73019,JUNEE TREATMENT WORKS                    ,-34.8456,147.5714,1/1/1907,1/12/1975,59,85,  N
74272,KAPOOKA (DEFENCE)                        ,-35.1327,147.2512,1/9/2017,1/2/2022,4.5,100,  Y
63039,KATOOMBA (FARNELLS RD)                   ,-33.7139,150.2953,1/1/1907,1/2/2022,93.4,81,  N
59017,KEMPSEY (WIDE STREET)                    ,-31.077,152.8235,1/1/1907,1/1/2015,96,89,  N
59007,KEMPSEY AIRPORT AWS                      ,-31.0711,152.7717,1/2/2001,1/2/2022,21.1,100,  Y
60039,KENDALL FORESTRY                         ,-31.6367,152.7061,1/5/1954,1/7/1967,5.1,38,  N
72162,KHANCOBAN AWS                            ,-36.2304,148.1405,1/1/1997,1/2/2022,25.1,100,  Y
72060,KHANCOBAN SMHEA                          ,-36.2254,148.1431,1/1/1962,1/9/1994,32.8,100,  N
68242,KIAMA (BOMBO HEADLAND)                   ,-34.6532,150.8609,1/12/2001,1/2/2022,16.4,81,  Y
68038,KIAMA BOWLING CLUB                       ,-34.675,150.8519,1/7/1981,1/4/2002,18.7,90,  N
71010,KIANDRA CHALET                           ,-35.8833,148.5,NA,1/8/1974,60.9,78,  N
69126,KIOLOA (LONDON FOUNDATION)               ,-35.5467,150.3767,1/6/1980,1/5/1986,4.1,68,  N
63111,KIRKCONNELL PRISON CAMP                  ,-33.4167,149.85,1/2/1968,1/12/1975,6.7,84,  N
75038,KOONDROOK STATE FOREST                   ,-35.6833,144.2167,1/2/1940,1/12/1956,16.9,100,  N
61029,KULNURA (WILLIAM ROAD)                   ,-33.2333,151.2,1/12/1968,1/8/1981,12.8,100,  N
72029,KUNAMA                                   ,-35.55,148.1,1/6/1946,1/12/1956,10.5,99,  N
75039,LAKE CARGELLIGO AIRPORT                  ,-33.2832,146.3706,1/1/1907,1/2/2022,98.8,86,  N
47016,LAKE VICTORIA STORAGE                    ,-34.0438,141.2676,1/2/1922,1/2/2022,87.9,88,  N
72090,LAUREL HILL PRISON CAMP                  ,-35.65,148.0667,1/6/1969,1/6/1975,5.9,97,  N
60022,LAURIETON (ELOUERA ST)                   ,-31.6393,152.7869,1/1/1907,1/9/1930,21.5,90,  N
74062,LEETON CARAVAN PARK                      ,-34.567,146.4114,1/1/1913,1/12/1975,61.6,98,  N
74063,LEETON RICE RESEARCH                     ,-34.55,146.4,1/1/1941,1/5/1951,8.1,78,  N
63046,LIDSDALE STATE FOREST                    ,-33.45,150.05,1/4/1938,1/2/1975,27.8,75,  N
48243,LIGHTNING RIDGE VISITOR INFORMATION CENT ,-29.431,147.9722,1/6/1997,1/2/2022,24.5,99,  N
58037,LISMORE (CENTRE STREET)                  ,-28.807,153.2628,1/1/1907,1/12/2003,97,100,  N
58221,LISMORE (RICHMOND HILL)                  ,-28.7853,153.3409,1/1/2004,1/1/2015,11.1,100,  N
58214,LISMORE AIRPORT AWS                      ,-28.8305,153.2601,1/3/2002,1/2/2022,20,100,  Y
63224,LITHGOW (BIRDWOOD ST)                    ,-33.4901,150.1498,1/3/1912,1/6/2006,84.2,89,  N
63226,LITHGOW (COOERWULL)                      ,-33.4769,150.1303,1/6/2006,1/2/2022,15.7,99,  N
63062,LITHGOW (NEWNES FOREST CENTRE)           ,-33.3675,150.2383,1/4/1938,1/12/1975,28.5,75,  N
67020,LIVERPOOL (MICHAEL WENDEN CENTRE)        ,-33.9214,150.8861,1/9/2001,1/2/2013,11.5,100,  N
67035,LIVERPOOL(WHITLAM CENTRE)                ,-33.9272,150.9128,1/6/1962,1/9/2001,39.3,100,  N
200440,LORD HOWE ISLAND                         ,-31.55,159.0833,1/1/1912,1/11/1988,76.6,99,  N
200839,LORD HOWE ISLAND AERO                    ,-31.5421,159.0786,1/11/1988,1/2/2022,33.3,100,  Y
61288,LOSTOCK DAM                              ,-32.3322,151.4595,1/11/1969,1/2/2022,50.5,96,  N
59006,LOWER BUCCA                              ,-30.162,153.0982,1/1/1939,1/12/1956,17.2,95,  N
66078,LUCAS HEIGHTS (ANSTO)                    ,-34.0517,150.98,1/1/1962,1/12/1982,20.7,98,  N
66156,MACQUARIE PARK (WILLANDRA VILLAGE)       ,-33.7791,151.1121,1/2/1971,1/10/1995,24,97,  N
61428,MAITLAND AIRPORT AWS                     ,-32.7023,151.4881,1/7/2016,1/2/2022,5.7,100,  Y
61388,MAITLAND VISITORS CENTRE                 ,-32.7422,151.5668,1/6/1997,1/7/2016,19.2,100,  N
61259,MAITLAND WEST AERO                       ,-32.7,151.4667,1/6/1968,1/6/1974,5.8,94,  N
61375,MANGROVE MOUNTAIN AWS                    ,-33.2894,151.2107,1/7/1994,1/2/2022,27.7,100,  Y
66035,MANLY TOWN HALL                          ,-33.8,151.3,1/1/1915,1/12/1956,41.1,98,  N
63308,MARRANGAROO (DEFENCE)                    ,-33.4346,150.135,1/12/2017,1/2/2022,4.3,100,  Y
73024,MARSDEN (MERUNGLE)                       ,-33.7667,147.5333,1/1/1907,1/8/1949,41.3,97,  N
66193,MARSFIELD (MACQUARIE UNIVERSITY NO:2)    ,-33.7654,151.1176,1/3/1994,1/10/1995,1.7,100,  Y
61223,MARYVILLE                                ,-32.9131,151.75,1/1/1969,1/1/1993,24.1,100,  N
74069,MATHOURA STATE FOREST                    ,-35.8119,144.901,1/3/1949,1/12/1969,20.8,100,  N
74072,MATONG FORESTRY                          ,-34.8,146.9,1/11/1941,1/12/1956,12.8,84,  N
47019,MENINDEE POST OFFICE                     ,-32.3937,142.4173,1/1/1907,1/2/2022,109.7,95,  N
69147,MERIMBULA AIRPORT AWS                    ,-36.9077,149.8989,1/2/1998,1/2/2022,24.1,100,  Y
69093,MERIMBULA AIRPORT COMPARISON             ,-36.9106,149.9017,1/8/1969,1/12/1998,29.1,99,  N
61287,MERRIWA (ROSCOMMON)                      ,-32.1852,150.1737,1/8/2007,1/2/2022,14.6,100,  Y
63053,MILLTHORPE (INALA)                       ,-33.4455,149.1847,1/1/1907,1/12/1993,73.9,85,  N
46053,MILPARINKA (THELDARPA)                   ,-29.6333,141.4833,1/1/1957,1/12/1961,4.9,98,  N
68220,MINTO (ALDERNEY STREET)                  ,-34.0411,150.8458,1/4/1984,1/11/1995,6.9,59,  N
68044,MITTAGONG (ALFRED STREET)                ,-34.4472,150.4566,1/1/1907,1/8/1926,12.8,65,  N
74076,MOIRA PASTORAL CO.                       ,-35.9333,144.9167,1/4/1938,1/12/1956,18.3,97,  N
74077,MOIRA STATE FOREST                       ,-36.0167,144.9,1/1/1965,1/12/1969,4.9,98,  N
65023,MOLONG (HILL ST)                         ,-33.0881,148.8584,1/1/1907,1/7/1975,68.6,100,  N
69017,MONTAGUE ISLAND LIGHTHOUSE               ,-36.2519,150.2275,1/11/1968,1/2/2022,50.1,94,  Y
60006,MOORLAND (COOPERNOOK STATE FOREST)       ,-31.79,152.6092,1/3/1953,1/12/1969,7.8,46,  N
73058,MORANGARELL                              ,-34.2,147.1,1/1/1915,1/2/1928,13.2,100,  N
53115,MOREE AERO                               ,-29.4898,149.8471,1/5/1995,1/2/2022,26.8,100,  Y
53000,MOREE AUTOSONDE                          ,-29.4917,149.8461,1/7/2000,1/10/2001,1.2,87,   
53048,MOREE COMPARISON                         ,-29.4819,149.8383,1/3/1964,1/8/1998,34.5,100,  N
53027,MOREE POST OFFICE                        ,-29.5,149.9,1/1/1907,1/12/1965,58.9,100,  N
69148,MORUYA AIRPORT AWS                       ,-35.9004,150.1437,1/10/1999,1/2/2022,22.4,100,  Y
69018,MORUYA HEADS PILOT STATION               ,-35.9093,150.1532,NA,1/2/2022,145.9,100,  N
68045,MOSS VALE (HOSKINS STREET)               ,-34.5444,150.3768,1/1/1907,1/12/1975,63.5,92,  N
68239,MOSS VALE AWS                            ,-34.5253,150.4217,1/2/2001,1/2/2022,21.1,100,  Y
75046,MOULAMEIN POST OFFICE                    ,-35.0885,144.0349,1/8/1970,1/12/1975,5.4,100,  N
63292,MOUNT BOYCE AWS                          ,-33.6185,150.2741,1/12/1991,1/2/2022,30.3,100,  Y
70349,MOUNT GININI AWS                         ,-35.5293,148.7721,1/6/2004,1/2/2022,17.8,100,  Y
49032,MOUNT HOPE (CYPRESS GROVE)               ,-32.8345,145.8772,1/1/1907,1/3/1971,51.7,80,  N
71012,MOUNT KOSCIUSKO (HOTEL KOSCIUSKO)        ,-36.3667,148.4833,1/1/1911,1/12/1954,42.3,96,  N
58039,MOUNT PIKAPENE FORESTRY                  ,-29.0375,152.6897,1/12/1946,1/12/1959,12.2,93,  N
56021,MOUNT TOPPER STATE FOREST                ,-29.9167,151.2167,1/4/1938,1/2/1972,24.9,73,  N
63056,MOUNT VICTORIA (MT VICTORIA (SELSDON STR ,-33.5917,150.2544,1/1/1907,1/11/1987,72.6,90,  N
62021,MUDGEE (GEORGE STREET)                   ,-32.5956,149.5956,1/1/1907,1/12/1995,83.8,94,  N
62101,MUDGEE AIRPORT AWS                       ,-32.5628,149.6149,1/12/1991,1/2/2022,30.3,100,  Y
63058,MULLION CREEK (MULLION RANGE FOREST)     ,-33.0934,149.128,1/4/1938,1/6/1968,22.1,73,  N
47113,MULURULU AWS                             ,-33.3392,143.4,1/7/2017,1/2/2022,4.7,100,  Y
52020,MUNGINDI POST OFFICE                     ,-28.9786,148.9899,1/1/1915,1/2/2022,97.3,91,  N
72035,MURRAGULDRIE STATE FOREST 1              ,-35.5,147.6167,1/3/1938,1/12/1969,19.9,63,  N
73029,MURRUMBURRAH (HISTORICAL SOCIETY)        ,-34.55,148.351,1/1/1907,1/10/1930,23.6,99,  N
61431,MURRURUNDI (HAYDON STREET)               ,-31.7678,150.8418,1/9/2019,1/2/2022,2.5,100,  N
61392,MURRURUNDI GAP AWS                       ,-31.7416,150.7937,1/6/2003,1/2/2022,18.8,100,  Y
61051,MURRURUNDI POST OFFICE                   ,-31.7651,150.8363,1/1/1907,1/9/2019,99.3,88,  N
58158,MURWILLUMBAH (BRAY PARK)                 ,-28.3395,153.3809,1/10/1972,1/2/2022,45.4,92,  N
61053,MUSWELLBROOK (LOWER HILL ST)             ,-32.2611,150.8847,1/12/1968,1/6/1972,3.3,93,  N
69021,NALBAUGH STATE FOREST                    ,-37.0667,149.35,1/4/1938,1/4/1977,30.5,78,  N
70312,NAMADGI NATIONAL PARK (GLENDALE CROSSING ,-35.692,149.0052,1/10/1983,1/9/1992,5.9,66,  N
75050,NARADHAN (URALBA)                        ,-33.6104,146.3161,1/7/1970,1/5/1991,20.7,99,  N
69022,NAROOMA (MARINE RESCUE)                  ,-36.2144,150.1358,1/1/1965,1/2/2022,36.7,64,  N
54038,NARRABRI AIRPORT AWS                     ,-30.3154,149.8302,1/7/2001,1/2/2022,20.7,100,  Y
54120,NARRABRI BOWLING CLUB                    ,-30.3222,149.782,NA,1/12/1956,85.2,99,  N
53030,NARRABRI WEST POST OFFICE                ,-30.3401,149.7552,1/1/1962,1/7/2002,39.6,97,  N
74148,NARRANDERA AIRPORT AWS                   ,-34.705,146.514,1/11/1970,1/2/2022,26,51,  Y
74221,NARRANDERA GOLF CLUB                     ,-34.7325,146.5592,1/1/1970,1/9/2014,43.7,98,  N
74082,NARRANDERA POST OFFICE                   ,-34.75,146.55,1/1/1962,1/2/1970,3.3,40,  N
74083,NARRANDERA STATE FOREST                  ,-34.75,146.5667,1/1/1965,1/12/1969,4.8,97,  N
51115,NARROMINE AIRPORT                        ,-32.223,148.2292,1/7/1966,1/6/1974,7.5,94,  N
61054,NELSON BAY (NELSON HEAD)                 ,-32.7103,152.1612,1/1/1914,1/2/2022,35.6,33,  N
69128,NERRIGA AWS                              ,-35.1103,150.0826,1/6/2013,1/2/2022,8.8,100,  Y
69049,NERRIGA COMPOSITE                        ,-35.1165,150.0847,1/3/1971,1/10/2011,39.1,96,  N
61055,NEWCASTLE NOBBYS SIGNAL STATION AWS      ,-32.9184,151.7985,NA,1/2/2022,157.3,98,  Y
61390,NEWCASTLE UNIVERSITY                     ,-32.8906,151.7068,1/7/1998,1/4/2021,21.8,95,  N
59025,NEWFOUNDLAND STATE FOREST                ,-29.9,153.2,1/9/1941,1/9/1951,8.9,88,  N
70067,NIMMITABEL WASTEWATER TREATMENT FACILITY ,-36.5112,149.2794,1/1/1911,1/12/1975,55.9,86,  N
48250,NOONA AWS                                ,-31.7267,144.9313,1/7/2017,1/2/2022,4.7,100,  Y
61366,NORAH HEAD AWS                           ,-33.2814,151.5766,1/2/1995,1/2/2022,27.1,100,  Y
61273,NORAH HEAD LIGHTHOUSE                    ,-33.2814,151.576,1/7/1969,1/10/2004,29.8,84,  N
200288,NORFOLK ISLAND AERO                      ,-29.0389,167.9408,1/4/1939,1/2/2022,82.9,100,  Y
200849,NORFOLK ISLAND COMPARISON                ,-29.0428,167.9344,1/1/1997,1/4/1999,2.3,100,  N
68105,NOWRA COUNCIL OFFICES                    ,-34.8833,150.6,1/1/1912,1/11/1934,21.5,94,  N
68076,NOWRA RAN AIR STATION                    ,-34.9449,150.545,1/12/1955,1/11/2000,45,100,  Y
68072,NOWRA RAN AIR STATION AWS                ,-34.9469,150.5353,1/11/2000,1/2/2022,21.3,100,  Y
62100,NULLO MOUNTAIN AWS                       ,-32.7244,150.229,1/12/1991,1/2/2022,30.3,100,  Y
51039,NYNGAN AIRPORT                           ,-31.5495,147.1961,1/9/1920,1/10/2019,96.3,97,  N
63063,OBERON (ALBION ST)                       ,-33.6993,149.867,1/2/1946,1/2/2022,49.1,64,  N
63293,OBERON (JENOLAN CAVES ROAD)              ,-33.74,149.8822,1/8/1991,1/8/2005,14,99,  N
63036,OBERON (JENOLAN CAVES)                   ,-33.8195,150.0217,1/1/1907,1/4/1973,55.1,83,  N
63037,OBERON (JENOLAN STATE FOREST)            ,-33.7497,150.0381,1/2/1939,1/12/1965,18.4,68,  N
61057,OLNEY STATE FOREST                       ,-33.1,151.25,1/4/1938,1/9/1967,18.6,63,  N
63018,ORANGE (CANOBOLAS STATE FOREST)          ,-33.3934,149.0231,1/4/1949,1/9/1969,12.3,60,  N
63244,ORANGE (WOLAROI)                         ,-33.3,149.1167,1/2/1969,1/5/1975,5,79,  N
63254,ORANGE AGRICULTURAL INSTITUTE            ,-33.3211,149.0828,1/1/1976,1/2/2022,46.1,100,  N
63303,ORANGE AIRPORT AWS                       ,-33.3768,149.1263,1/4/1996,1/2/2022,25.9,100,  Y
63231,ORANGE AIRPORT COMPARISON                ,-33.3815,149.1229,1/8/1968,1/7/2011,41.3,96,  N
63065,ORANGE POST OFFICE                       ,-33.2833,149.1,1/1/1907,1/7/1968,59,96,  N
63237,ORANGE TV CHANNEL CNB8                   ,-33.3,149.1167,1/8/1968,1/4/1969,0.4,56,  N
67084,ORCHARD HILLS TREATMENT WORKS            ,-33.802,150.7069,1/12/1970,1/6/1989,15.8,85,  N
70206,ORRORAL VALLEY (STADAN)                  ,-35.6333,148.95,1/1/1968,1/8/1985,17.6,99,  N
65026,PARKES (MACARTHUR STREET)                ,-33.1419,148.1639,1/1/1907,1/7/2012,102.7,97,  N
65068,PARKES AIRPORT AWS                       ,-33.1281,148.2428,1/10/1997,1/2/2022,24.4,100,  Y
66046,PARRAMATTA                               ,-33.8167,151,1/1/1907,1/12/1956,40,80,  N
66124,PARRAMATTA NORTH (MASONS DRIVE)          ,-33.7917,151.0181,1/6/1967,1/2/2022,54.5,99,  N
61250,PATERSON (TOCAL AWS)                     ,-32.6296,151.5919,1/11/1967,1/2/2022,47.9,88,  Y
50031,PEAK HILL POST OFFICE                    ,-32.7235,148.1902,1/7/1965,1/2/2022,54.7,96,  N
61351,PEATS RIDGE (WARATAH ROAD)               ,-33.3102,151.2445,1/10/1981,1/8/2012,30.9,100,  N
66047,PENNANT HILLS (YARRARA ROAD)             ,-33.7324,151.0767,1/1/1907,1/2/1943,31.5,87,  N
67113,PENRITH LAKES AWS                        ,-33.7195,150.6783,1/9/1995,1/2/2022,26.5,100,  Y
71075,PERISHER VALLEY AWS                      ,-36.4069,148.4055,1/5/2010,1/2/2022,11.8,100,  Y
71072,PERISHER VALLEY SKI CENTRE               ,-36.4033,148.4104,1/6/1976,1/7/2010,32.8,96,  N
68052,PICTON COUNCIL DEPOT                     ,-34.1685,150.6145,1/1/1907,1/12/1975,60.8,88,  N
52024,PILLIGA WEST FORESTRY                    ,-30.75,148.8,1/5/1940,1/6/1956,15.4,95,  N
54104,PINDARI DAM                              ,-29.3899,151.2448,1/8/1971,1/2/2022,49.4,98,  N
59028,PINE CREEK FORESTRY                      ,-30.4,153,1/5/1944,1/2/1956,11.8,100,  N
47029,POONCARIE MAIL AGENCY                    ,-33.3856,142.5696,1/7/2002,1/2/2022,19.7,100,  N
68253,PORT KEMBLA NTC AWS                      ,-34.4734,150.9118,1/7/2012,1/2/2022,9.7,100,  Y
68053,PORT KEMBLA SIGNAL STATION               ,-34.4772,150.9131,1/6/1950,1/3/1976,25.5,99,  N
60026,PORT MACQUARIE (HILL ST)                 ,-31.4399,152.911,1/1/1907,1/10/2003,96.6,100,  N
60139,PORT MACQUARIE AIRPORT AWS (COMPARISON)  ,-31.4335,152.8655,1/7/1995,1/2/2022,26.7,100,  Y
60168,PORT MAQUARIE (PORT MACQUARIE AIRPORT AW ,-31.4343,152.8662,1/10/2020,1/2/2022,1.4,100,  Y
67019,PROSPECT RESERVOIR                       ,-33.8193,150.9127,1/1/1965,1/5/2018,52.4,98,  N
51042,QUAMBONE STATION                         ,-30.9252,147.869,1/1/1907,1/1/1975,58.4,86,  N
73032,QUANDIALLA POST OFFICE                   ,-34.0112,147.7937,1/9/1945,1/12/2014,56.5,81,  N
70072,QUEANBEYAN BOWLING CLUB                  ,-35.3552,149.2292,1/3/1909,1/12/1956,47.4,99,  N
55049,QUIRINDI POST OFFICE                     ,-31.5086,150.6793,1/1/1907,1/2/2022,101.3,88,  N
61063,RATHMINES AMO                            ,-33.05,151.6,1/11/1940,1/7/1950,9.3,95,  N
61076,RAYMOND TERRACE (WALLAROO STATE FOREST)  ,-32.618,151.8877,1/4/1938,1/2/1969,22.8,74,  N
72052,RED HILL STATE FOREST                    ,-35.1667,148.3667,1/4/1938,1/1/1970,23.8,75,  N
67021,RICHMOND - UWS HAWKESBURY                ,-33.6165,150.7477,1/1/1907,1/6/1975,60.3,88,  N
67105,RICHMOND RAAF                            ,-33.6004,150.7761,1/10/1993,1/2/2022,28.4,100,  Y
67033,RICHMOND RAAF                            ,-33.6022,150.7794,1/10/1928,1/10/1994,55.7,84,  N
66131,RIVERVIEW OBSERVATORY                    ,-33.8258,151.1556,1/1/1909,1/1/2015,78,73,  N
63073,ROCKLEY POST OFFICE                      ,-33.6896,149.5633,1/1/1907,1/2/1929,20.3,92,  N
58050,ROSEBERRY STATE FOREST NURSERY           ,-28.4833,152.9167,1/1/1940,1/6/1968,28.5,100,  N
61317,SANDY HOLLOW (MT DANGER VINEYARDS)       ,-32.3333,150.5667,1/2/1972,1/11/1974,2.6,91,  N
61069,SCONE (PHILIP STREET)                    ,-32.0458,150.8708,1/1/1907,1/12/1991,76.1,89,  N
61363,SCONE AIRPORT AWS                        ,-32.0335,150.8264,1/12/1991,1/2/2022,30.3,100,  Y
61089,SCONE SCS                                ,-32.0632,150.9271,1/11/1952,1/12/2018,57.9,87,  N
67026,SEVEN HILLS (COLLINS ST)                 ,-33.7704,150.9318,1/1/1950,1/12/1975,17.8,68,  N
59065,SEVEN OAKS (BELLIMBOPINNI)               ,-31,152.9,1/1/1907,1/3/1920,13,98,  N
61275,SINGLETON ARMY                           ,-32.6133,151.1717,1/8/1969,1/9/1990,20.2,95,  N
61430,SINGLETON DEFENCE AWS                    ,-32.6976,151.1564,1/4/2017,1/2/2022,4.9,100,  Y
61397,SINGLETON STP                            ,-32.5902,151.1743,1/11/2002,1/1/2019,16.3,100,  N
61371,SINGLETON WATER BOARD                    ,-32.5687,151.1589,1/8/1991,1/11/2002,11.3,100,  N
46142,SMITHVILLE AWS                           ,-30.0692,141.0067,1/7/2017,1/2/2022,4.7,100,  Y
59074,SOUTH SOLITARY ISLAND                    ,-30.2,153.2667,1/3/1969,1/11/1975,6.8,100,  N
59030,SOUTH WEST ROCKS (SMOKY CAPE LIGHTHOUSE) ,-30.9225,153.0871,1/1/1939,1/2/2022,83.1,100,  N
70120,SPENCERS CREEK                           ,-36.4333,148.35,1/1/1957,1/12/1962,6,100,   
71029,SPENCERS CREEK                           ,-36.4333,148.35,1/1/1962,1/3/1967,5.3,100,  N
63077,SPRINGWOOD (VALLEY HEIGHTS)              ,-33.7065,150.5848,1/2/2006,1/6/2021,15.4,100,  N
63079,SUNNY CORNER (SNOW LINE)                 ,-33.3947,149.9016,1/1/1907,1/7/1918,11.6,100,  N
66062,SYDNEY (OBSERVATORY HILL)                ,-33.8607,151.205,NA,1/8/2020,161.7,100,  Y
66214,SYDNEY (OBSERVATORY HILL)                ,-33.8593,151.2048,1/10/2017,1/2/2022,4.4,100,  Y
66037,SYDNEY AIRPORT AMO                       ,-33.9465,151.1731,1/4/1939,1/2/2022,82.9,100,  Y
66196,SYDNEY HARBOUR (WEDDING CAKE WEST)       ,-33.8405,151.2643,1/9/1997,1/2/2022,19.8,81,  Y
66195,SYDNEY OLYMPIC PARK (SYDNEY OLYMPIC PK ( ,-33.8521,151.0646,1/1/1996,1/8/2011,15.7,100,  Y
66212,SYDNEY OLYMPIC PARK AWS (ARCHERY CENTRE) ,-33.8338,151.0718,1/9/2011,1/2/2022,10.5,100,  Y
58052,TABBIMOBILE STATE FOREST                 ,-29.2,153.2667,1/3/1946,1/12/1966,12.7,61,  N
57095,TABULAM (MUIRNE)                         ,-28.7551,152.4507,1/8/1970,1/2/2022,51.5,100,  N
55054,TAMWORTH AIRPORT                         ,-31.0867,150.8467,1/1/1907,1/12/1992,84.8,99,  N
55325,TAMWORTH AIRPORT AWS                     ,-31.0742,150.8362,1/2/1992,1/2/2022,30.1,100,  Y
59031,TANBAN FORESTRY                          ,-30.95,152.8,1/1/1944,1/12/1956,13,100,  N
70313,TARAGO (WOODLAWN MINES)                  ,-35.0667,149.5833,1/1/1984,1/6/1988,2.5,56,  N
70080,TARALGA POST OFFICE                      ,-34.4048,149.8197,1/12/1955,1/2/2022,62.3,94,  N
60030,TAREE (PATANGA CL)                       ,-31.8908,152.4709,1/1/1907,1/3/2005,87.3,89,  N
60141,TAREE AIRPORT AWS                        ,-31.8895,152.512,1/7/1997,1/2/2022,24.7,100,  Y
73151,TEMORA AIRPORT                           ,-34.4277,147.5117,1/2/2005,1/2/2022,17.1,100,  Y
73038,TEMORA RESEARCH STATION                  ,-34.4061,147.5248,1/8/1934,1/1/2005,61.3,87,  N
56032,TENTERFIELD (FEDERATION PARK)            ,-29.0479,152.0172,1/1/1907,1/2/2022,106.3,92,  N
66059,TERREY HILLS AWS                         ,-33.6908,151.2253,1/9/2004,1/2/2022,17.5,100,  Y
71032,THREDBO AWS                              ,-36.4917,148.2859,1/11/1966,1/2/2022,45.1,81,  Y
71041,THREDBO VILLAGE                          ,-36.5031,148.3038,1/11/1969,1/2/2022,47.9,91,  N
46126,TIBOOBURRA AIRPORT                       ,-29.4448,142.0567,1/9/1997,1/2/2022,24.4,100,  Y
46037,TIBOOBURRA POST OFFICE                   ,-29.4362,142.0097,1/1/1910,1/1/2015,104.5,99,  N
70310,TIDBINBILLA NATURE RESERVE               ,-35.4408,148.9422,1/4/1982,1/8/2012,26.6,87,  N
74211,TOCUMWAL AERO                            ,-35.7833,145.5667,1/7/1945,1/4/1946,0.8,100,   
74106,TOCUMWAL AIRPORT                         ,-35.817,145.6004,1/12/1970,1/2/2022,51.2,100,  N
51048,TRANGIE POST OFFICE                      ,-32.0322,147.9826,1/1/1913,1/12/1975,53.3,85,  N
51049,TRANGIE RESEARCH STATION AWS             ,-31.9861,147.9489,1/4/1922,1/2/2022,80.1,80,  Y
70339,TUGGERANONG (ISABELLA PLAINS) AWS        ,-35.4184,149.0937,1/5/1996,1/2/2022,25.8,100,  Y
50037,TULLAMORE (KITCHENER ST)                 ,-32.6345,147.5666,1/3/1970,1/7/1988,16.6,90,  N
72043,TUMBARUMBA POST OFFICE                   ,-35.778,148.0122,1/4/1965,1/2/2022,55.5,97,  N
72046,TUMUT PLAINS (HOMESDALE)                 ,-35.3333,148.2667,1/5/1951,1/12/1975,16,65,  N
58057,TYALGUM (WANUNGARA VIEW)                 ,-28.3364,153.2236,1/8/1970,1/8/1992,22.1,100,  N
69031,ULLADULLA                                ,-35.3667,150.4833,1/8/1968,1/7/1972,4,100,  N
69138,ULLADULLA AWS                            ,-35.3635,150.4828,1/12/1991,1/2/2022,30.3,100,  Y
47039,UMBERUMBERKA RESERVOIR                   ,-31.8153,141.209,1/11/1911,1/5/1940,28.5,100,  N
56034,URALLA (DUMARESQ ST)                     ,-30.6437,151.4906,1/1/1938,1/1/1967,27,93,  N
74110,URANA POST OFFICE                        ,-35.3305,146.2652,1/1/1914,1/12/1975,53,85,  N
57020,URBENVILLE                               ,-28.473,152.546,1/4/1938,1/12/1961,23.6,99,  N
57021,URBENVILLE STATE FOREST                  ,-28.4667,152.55,1/1/1951,1/9/1968,17.7,99,  N
70260,URIARRA FOREST 2                         ,-35.3,148.9167,1/7/1971,1/5/1973,1.6,83,  N
70095,URIARRA HOMESTEAD                        ,-35.3333,148.8833,1/6/1955,1/12/1962,7.4,98,  N
66169,VILLAWOOD ARCHIVES                       ,-33.8333,151,1/11/1975,1/6/1977,1.7,100,  N
72151,WAGGA WAGGA (KOORINGAL)                  ,-35.1333,147.3667,NA,1/12/1950,77.7,98,  N
73127,WAGGA WAGGA AGRICULTURAL INSTITUTE       ,-35.0517,147.3493,1/4/1913,1/12/1975,36.4,58,  N
72150,WAGGA WAGGA AMO                          ,-35.1583,147.4575,1/1/1942,1/2/2022,80.2,100,  Y
74114,WAGGA WAGGA RESEARCH CENTRE              ,-35.1311,147.3091,1/1/1948,1/7/2003,51.8,93,  N
56035,WALCHA POST OFFICE                       ,-30.9853,151.5942,1/8/1957,1/12/1975,16.4,89,  N
51162,WALGETT (BREWON AWS)                     ,-30.2411,147.5327,1/5/2017,1/2/2022,4.8,100,  Y
52088,WALGETT AIRPORT AWS                      ,-30.0372,148.1223,1/6/1993,1/2/2022,28.8,100,  Y
52026,WALGETT COUNCIL DEPOT                    ,-30.0236,148.1218,NA,1/6/1993,114.3,99,  N
54036,WALLANGRA (WALLANGRA STATION)            ,-29.2443,150.8923,1/1/1965,1/10/1969,4.4,91,  N
46136,WANAARING (BORRONA DOWNS AWS)            ,-29.7614,143.1135,1/7/2017,1/2/2022,3.6,77,  Y
48247,WANAARING (DELTA AWS)                    ,-30.1006,145.3338,1/8/2017,1/2/2022,4.6,100,  Y
48079,WANAARING POST OFFICE                    ,-29.7029,144.1484,1/10/1991,1/2/2022,30.1,99,  N
75080,WANGANELLA (ZARA)                        ,-35.1721,144.6966,1/1/1914,1/3/1927,13.3,100,  N
54029,WARIALDA POST OFFICE                     ,-29.5416,150.5754,1/1/1907,1/12/1975,59.7,86,  N
51124,WARREN (AUSCOTT)                         ,-31.7833,147.7667,1/12/1968,1/10/1982,12.8,92,  N
68161,WATTAMOLLA                               ,-34.7333,150.6167,1/9/1970,1/9/1975,4.9,97,  N
60034,WAUCHOPE STATE FOREST                    ,-31.4667,152.7333,1/12/1950,1/8/1970,10.4,53,  N
65034,WELLINGTON (D&J RURAL)                   ,-32.5635,148.9503,1/1/1907,1/2/2022,104.2,90,  N
65035,WELLINGTON RESEARCH CENTRE               ,-32.5059,148.9708,1/1/1946,1/2/2005,48.9,83,  N
63227,WENTWORTH FALLS COUNTRY CLUB             ,-33.6976,150.3665,1/5/1967,1/7/1973,6.2,99,  N
47053,WENTWORTH POST OFFICE                    ,-34.1065,141.9189,1/1/1907,1/9/1967,60.7,100,  N
75083,WERAI                                    ,-35.35,144.3,1/1/1907,1/1/1925,18,99,  N
67089,WEST PENNANT HILLS (CUMBERLAND STATE FOR ,-33.7459,151.0402,1/1/1964,1/2/1967,3.2,100,  N
50017,WEST WYALONG AIRPORT AWS                 ,-33.9382,147.1962,1/4/1999,1/2/2022,22.9,100,  Y
58060,WHIAN WHIAN (RUMMERY PARK)               ,-28.5988,153.3783,1/9/1943,1/1/1969,17.3,68,  N
46129,WHITE CLIFFS AWS                         ,-30.8522,143.0743,1/7/2005,1/2/2022,16.7,100,  Y
46042,WHITE CLIFFS POST OFFICE                 ,-30.8506,143.0893,1/1/1907,1/12/2011,97.9,93,  N
46043,WILCANNIA (REID ST)                      ,-31.5631,143.3747,NA,1/1/2015,130.3,97,  N
46012,WILCANNIA AERODROME AWS                  ,-31.5194,143.385,1/1/2000,1/2/2022,22.2,100,  Y
61407,WILLIAMTOWN COMPARISON                   ,-32.7939,151.8386,1/3/2005,1/12/2005,0.3,40,  Y
61379,WILLIAMTOWN COMPARISON AWS               ,-32.8081,151.8419,1/7/1995,1/8/1999,4,96,  Y
61078,WILLIAMTOWN RAAF                         ,-32.7939,151.8364,1/9/1942,1/2/2022,71.9,90,  Y
68069,WOLLONGONG POST OFFICE                   ,-34.4333,150.8833,NA,1/7/1950,77.5,97,  N
68188,WOLLONGONG UNIVERSITY                    ,-34.403,150.8795,1/11/1970,1/6/2008,37.7,100,  N
73053,WOODBURN 3                               ,-34.6,148,1/5/1938,1/7/1943,5.3,100,  N
69106,WOODBURN STATE FOREST                    ,-35.4,150.4333,1/1/1965,1/12/1969,4.8,97,  N
55136,WOOLBROOK (WOOLBROOK ROAD)               ,-30.9651,151.3505,1/1/1970,1/2/2022,49.8,95,  N
59051,WOOLGOOLGA STATE FOREST                  ,-30.1167,153.1833,1/1/1956,1/2/1969,5,38,  N
73054,WYALONG POST OFFICE                      ,-33.9262,147.2418,1/10/1950,1/1/2015,56.3,88,  N
58012,YAMBA PILOT STATION                      ,-29.4325,153.3632,NA,1/2/2022,144.7,100,  Y
74037,YANCO AGRICULTURAL INSTITUTE             ,-34.6222,146.4326,1/8/1999,1/2/2022,22.6,100,  Y
74133,YANCO EXP. FARM                          ,-34.6,146.4,1/4/1922,1/9/1935,12.6,93,  N
60085,YARRAS (MOUNT SEAVIEW)                   ,-31.3865,152.2482,1/1/1969,1/2/2022,53,100,  N
70091,YASS (LINTON HOSTEL)                     ,-34.8313,148.9113,1/1/1907,1/5/2011,63,60,  N
70358,YASS (RURAL FIRE SERVICE)                ,-34.8225,148.908,1/5/2011,1/6/2018,7.2,100,  N
75079,YENDA (HENRY STREET)                     ,-34.2502,146.1897,1/1/1925,1/10/1985,52.2,86,  N
73138,YOUNG AIRPORT                            ,-34.2493,148.2475,1/12/1991,1/2/2022,30.3,100,  Y
73056,YOUNG POST OFFICE                        ,-34.3167,148.2967,1/1/1907,1/10/1991,74.8,88,  N